name,description
Wall Art,Contemporary and classic wall decorations for your home
Candles,Handcrafted scented and decorative candles
Cushions,Soft and stylish cushions for any room
Vases,Elegant vases for your flowers and decorative pieces
Photo Frames,Beautiful frames to showcase your memories
Mirrors,Decorative mirrors to enhance space and light
Lighting,Decorative lamps and lighting solutions
Storage,Stylish storage solutions and organizers
Rugs,Decorative floor coverings and area rugs
Sculptures,Artistic sculptures and figurines for home decor
