full_name,email,password,created_at
John Smith,johnsmith123@gmail.com,hashed_password_5432,2024-01-15 08:30:22
Emma Wilson,emmawilson456@yahoo.com,hashed_password_7891,2024-01-18 14:45:33
Michael Brown,michaelbrown789@outlook.com,hashed_password_2345,2024-01-20 11:20:15
Sarah Davis,sarahdavis234@hotmail.com,hashed_password_6789,2024-01-22 09:15:47
David Taylor,davidtaylor567@gmail.com,hashed_password_3456,2024-01-25 16:40:28
Lisa Johnson,lisaj@gmail.com,hashed_password_8901,2024-01-28 10:20:00
Robert Martinez,robm@yahoo.com,hashed_password_2468,2024-01-30 13:15:30
Jennifer Lee,jlee@outlook.com,hashed_password_1357,2024-02-01 09:45:20
William Chen,wchen@gmail.com,hashed_password_9876,2024-02-03 15:30:45
Maria Garcia,mgarcia@yahoo.com,hashed_password_5555,2024-02-05 11:25:18
James Wilson,jwilson@hotmail.com,hashed_password_4444,2024-02-07 14:20:33
Emily Thompson,ethompson@gmail.com,hashed_password_3333,2024-02-10 16:15:42
Sophie Martin,smartin@gmail.com,hashed_password_2222,2024-02-12 09:10:25
Thomas Anderson,tanderson@yahoo.com,hashed_password_1111,2024-02-15 11:30:40
Isabella Silva,isilva@outlook.com,hashed_password_9999,2024-02-18 14:45:55
Oliver Schmidt,oschmidt@gmail.com,hashed_password_8888,2024-02-20 16:20:15
Marco Rossi,mrossi@gmail.com,hashed_password_7777,2024-02-22 10:35:30
Ana Rodriguez,arodriguez@hotmail.com,hashed_password_6666,2024-02-25 13:50:45
Liam O'Connor,loconnor@gmail.com,hashed_password_5555,2024-02-28 15:25:20
Sofia Kowalski,skowalski@yahoo.com,hashed_password_4444,2024-03-02 12:40:35
Lucas Moreau,lmoreau@gmail.com,hashed_password_3333,2024-03-05 09:55:50
Emma Laurent,elaurent@yahoo.fr,hashed_password_2222,2024-03-08 11:15:25
Hans Weber,hweber@gmail.com,hashed_password_1111,2024-03-10 14:30:40
Giulia Conti,gconti@hotmail.com,hashed_password_9999,2024-03-12 16:45:55
Carlos Santos,csantos@gmail.com,hashed_password_8888,2024-03-15 10:20:15
Anna Andersson,aandersson@outlook.com,hashed_password_7777,2024-03-18 13:35:30
Yuki Tanaka,ytanaka@gmail.com,hashed_password_6666,2024-03-20 15:50:45
Mohammed Al-Sayed,malsayed@yahoo.com,hashed_password_5555,2024-03-22 12:15:20
Elena Popov,epopov@gmail.com,hashed_password_4444,2024-03-25 09:30:35
Karl Mueller,kmueller@outlook.com,hashed_password_3333,2024-03-28 11:45:50
Nina Virtanen,nvirtanen@gmail.com,hashed_password_2222,2024-03-30 14:00:15
Pierre Dubois,pdubois@yahoo.fr,hashed_password_1111,2024-04-02 10:25:30
Carmen Ruiz,cruiz@hotmail.com,hashed_password_9999,2024-04-05 13:40:45
Viktor Petrov,vpetrov@gmail.com,hashed_password_8888,2024-04-08 15:55:00
Laura Ferrari,lferrari@yahoo.it,hashed_password_7777,2024-04-10 12:10:15
Adrian Walsh,awalsh@gmail.com,hashed_password_6666,2024-04-12 09:25:30
Marie Lambert,mlambert@outlook.fr,hashed_password_5555,2024-04-15 11:40:45
Sergio Lopez,slopez@gmail.com,hashed_password_4444,2024-04-18 14:55:00
Sophia Schmidt,sschmidt@yahoo.de,hashed_password_3333,2024-04-20 16:10:15
Alex Kim,akim@gmail.com,hashed_password_2222,2024-04-22 10:25:30
Diana Ross,dross@hotmail.com,hashed_password_1111,2024-04-25 13:40:45
Francisco Silva,fsilva@gmail.com,hashed_password_9999,2024-04-28 15:55:00
Eva Nilsson,enilsson@outlook.com,hashed_password_8888,2024-05-01 12:10:15
Antoine Leclerc,aleclerc@yahoo.fr,hashed_password_7777,2024-05-03 09:25:30
Chiara Romano,cromano@gmail.com,hashed_password_6666,2024-05-05 11:40:45
Jan van der Berg,jvandenberg@gmail.com,hashed_password_5555,2024-05-08 14:55:00
Maya Patel,mpatel@yahoo.com,hashed_password_4444,2024-05-10 16:10:15
Klaus Wagner,kwagner@gmail.com,hashed_password_3333,2024-05-12 10:25:30
Lucia Martinez,lmartinez@hotmail.com,hashed_password_2222,2024-05-15 13:40:45
Henrik Jensen,hjensen@gmail.com,hashed_password_1111,2024-05-18 15:55:00
Natalia Ivanova,nivanova@gmail.com,hashed_password_9999,2024-05-20 12:10:15
Bruno Santos,bsantos@yahoo.com,hashed_password_8888,2024-05-22 09:25:30
Martina Bianchi,mbianchi@gmail.com,hashed_password_7777,2024-05-25 11:40:45
Lars Andersen,landersen@outlook.com,hashed_password_6666,2024-05-28 14:55:00
Camille Rousseau,crousseau@yahoo.fr,hashed_password_5555,2024-05-30 16:10:15
Felix Weber,fweber@gmail.com,hashed_password_4444,2024-06-02 10:25:30
Julia Kovac,jkovac@hotmail.com,hashed_password_3333,2024-06-05 13:40:45
Ricardo Torres,rtorres@gmail.com,hashed_password_2222,2024-06-08 15:55:00
Astrid Lindberg,alindberg@yahoo.com,hashed_password_1111,2024-06-10 12:10:15
Gabriel Dumont,gdumont@gmail.com,hashed_password_9999,2024-06-12 09:25:30
Valentina Rossi,vrossi@outlook.it,hashed_password_8888,2024-06-15 11:40:45
Stefan MÃ¼ller,smuller@gmail.com,hashed_password_7777,2024-06-18 14:55:00
Elena Costa,ecosta@yahoo.com,hashed_password_6666,2024-06-20 16:10:15
Bernard Dupont,bdupont@gmail.com,hashed_password_5555,2024-06-22 10:25:30
Carla Santos,csantos2@hotmail.com,hashed_password_4444,2024-06-25 13:40:45
Magnus Karlsson,mkarlsson@gmail.com,hashed_password_3333,2024-06-28 15:55:00
Isabelle Martin,imartin@yahoo.fr,hashed_password_2222,2024-07-01 12:10:15
Antonio Ferrari,aferrari@gmail.com,hashed_password_1111,2024-07-03 09:25:30
Marie Schmidt,mschmidt@outlook.com,hashed_password_9999,2024-07-05 11:40:45
Pavel Novak,pnovak@gmail.com,hashed_password_8888,2024-07-08 14:55:00
Sophie Lambert,slambert@yahoo.fr,hashed_password_7777,2024-07-10 16:10:15
Ana Silva,asilva@hotmail.com,hashed_password_5555,2024-07-15 13:40:45
Erik Svensson,esvensson@gmail.com,hashed_password_4444,2024-07-18 15:55:00
Celine Dubois,cdubois@yahoo.fr,hashed_password_3333,2024-07-20 12:10:15
Giuseppe Romano,gromano@gmail.com,hashed_password_2222,2024-07-22 09:25:30
Emma Nielsen,enielsen@outlook.com,hashed_password_1111,2024-07-25 11:40:45
Louis Bernard,lbernard@gmail.com,hashed_password_9999,2024-07-28 14:55:00
Maria Lopez,mlopez@yahoo.com,hashed_password_8888,2024-07-30 16:10:15
Thomas Weber,tweber@gmail.com,hashed_password_7777,2024-08-02 10:25:30
George King,georgeking@gmail.com,hashed_password_4321,2024-08-28 14:00:22
Sophia Taylor,sophiataylor@yahoo.com,hashed_password_8765,2024-08-29 09:30:22
James Wright,jwright@outlook.com,hashed_password_1234,2024-08-30 12:20:15
Liam Clark,liamclark@gmail.com,hashed_password_5678,2024-09-01 08:15:00
Amelia Turner,amturner@yahoo.com,hashed_password_9012,2024-09-02 14:10:25
Charlotte Harris,charlottharris@gmail.com,hashed_password_3456,2024-09-03 10:30:10
Henry Moore,henrymoore@yahoo.com,hashed_password_4567,2024-09-04 11:40:15
Grace White,gwhite@outlook.com,hashed_password_2345,2024-09-05 15:20:45
Ethan Hill,ehill@gmail.com,hashed_password_6789,2024-09-06 13:35:25
Olivia Adams,oadams@yahoo.com,hashed_password_0987,2024-09-07 09:50:15
Ava Scott,ascott@outlook.com,hashed_password_8764,2024-09-08 12:15:25
Oliver Walker,owalker@gmail.com,hashed_password_3421,2024-09-09 14:05:10
Isabella Young,iyoung@yahoo.com,hashed_password_4456,2024-09-10 16:30:20
Lucas Green,lgreen@outlook.com,hashed_password_5567,2024-09-11 10:25:15
Lily Baker,lbaker@gmail.com,hashed_password_6678,2024-09-12 11:15:45
Daniel Nelson,dnelson@yahoo.com,hashed_password_7789,2024-09-13 13:50:35
Emily Carter,ecarter@outlook.com,hashed_password_8890,2024-09-14 08:40:15
Matthew Collins,mcollins@gmail.com,hashed_password_9901,2024-09-15 09:35:25
Ella Ramirez,eramirez@yahoo.com,hashed_password_1112,2024-09-16 14:15:35
Jack Wood,jwood@outlook.com,hashed_password_2223,2024-09-17 15:05:45
Harper Martinez,hmartinez@gmail.com,hashed_password_3334,2024-09-18 10:45:15
David Brooks,dbrooks@yahoo.com,hashed_password_4445,2024-09-19 11:20:25
Lillian Foster,lfoster@outlook.com,hashed_password_5556,2024-09-20 13:10:35
Andrew Bell,abell@gmail.com,hashed_password_6667,2024-09-21 14:50:45
Samantha Murphy,smurphy@yahoo.com,hashed_password_7778,2024-09-22 09:00:55
Benjamin Parker,bparker@outlook.com,hashed_password_8889,2024-09-23 10:25:15
Hannah Sanders,hsanders@gmail.com,hashed_password_9990,2024-09-24 11:35:25
Christopher Gray,cgray@yahoo.com,hashed_password_0001,2024-09-25 12:45:35
Mia Peterson,mpeterson@outlook.com,hashed_password_1112,2024-09-26 13:55:45
James Mitchell,jmitchell@gmail.com,hashed_password_2223,2024-09-27 14:05:55
Scarlett Hughes,shughes@yahoo.com,hashed_password_3334,2024-09-28 15:15:05
Elijah Cooper,ecooper@outlook.com,hashed_password_4445,2024-09-29 16:25:15
Layla Ward,lward@gmail.com,hashed_password_5556,2024-09-30 17:35:25
Zoe Jenkins,zjenkins@yahoo.com,hashed_password_6667,2024-10-01 18:45:35
Ryan Bailey,rbailey@outlook.com,hashed_password_7778,2024-10-02 09:55:45
Aurora Bennett,abennett@gmail.com,hashed_password_8889,2024-10-03 10:05:55
Adam Barnes,abarnes@yahoo.com,hashed_password_9990,2024-10-04 11:15:05
Violet Rivera,vrivera@outlook.com,hashed_password_0001,2024-10-05 12:25:15
Nicholas Reed,nreed@gmail.com,hashed_password_1112,2024-10-06 13:35:25
Ellie Rogers,erogers@yahoo.com,hashed_password_2223,2024-10-07 14:45:35
Nathan Powell,npowell@outlook.com,hashed_password_3334,2024-10-08 15:55:45
Zara Price,zprice@gmail.com,hashed_password_4445,2024-10-09 16:05:55
Liam King,lking@yahoo.com,hashed_password_5556,2024-10-10 09:15:05
Charlotte Morgan,cmorgan@outlook.com,hashed_password_6667,2024-10-11 10:25:15
Gabriel Fisher,gfisher@gmail.com,hashed_password_7778,2024-10-12 11:35:25
Isabelle Ellis,ieellis@yahoo.com,hashed_password_8889,2024-10-13 12:45:35
Evelyn Turner,eturner@outlook.com,hashed_password_9990,2024-10-14 13:55:45
Theo Collins,tcollins@gmail.com,hashed_password_0001,2024-10-15 14:05:55
Ruby Cooper,rcooper@yahoo.com,hashed_password_1112,2024-10-16 15:15:05
Ethan Sanders,esanders@outlook.com,hashed_password_2223,2024-10-17 16:25:15
Madison Harris,mharris@gmail.com,hashed_password_3334,2024-10-18 17:35:25
Oliver Scott,oscott@yahoo.com,hashed_password_4445,2024-10-19 09:45:35
Stella Rivera,srivera@outlook.com,hashed_password_5556,2024-10-20 10:55:45
Henry Turner,hturner@gmail.com,hashed_password_6667,2024-10-21 11:05:55
Naomi James,njames@yahoo.com,hashed_password_7778,2024-10-22 12:15:05
Harper Morris,hmorris@outlook.com,hashed_password_8889,2024-10-23 13:25:15
Lucas Watson,lwatson@gmail.com,hashed_password_9990,2024-10-24 14:35:25
Ella Cooper,ecooper@yahoo.com,hashed_password_0001,2024-10-25 15:45:35
Matthew Hall,mhall@outlook.com,hashed_password_1112,2024-10-26 16:55:45
Lily Adams,ladams@gmail.com,hashed_password_2223,2024-10-27 09:05:55
Owen Stewart,ostewart@yahoo.com,hashed_password_3334,2024-10-28 10:15:05
Chloe Hall,chhall@outlook.com,hashed_password_4445,2024-10-29 11:25:15
Daniel Hughes,dhughes@gmail.com,hashed_password_5556,2024-10-30 12:35:25
Sophia Brooks,sbrooks@yahoo.com,hashed_password_6667,2024-10-31 13:45:35
